id,first_name,last_name,email,gender,ip_address
1,Jeremy,Myers,jmyers0@reference.com,Male,155.184.24.182
2,Benjamin,Simpson,bsimpson1@google.com,Male,26.183.154.184
3,Phyllis,Elliott,pelliott2@nih.gov,Female,255.5.63.37
4,Kathy,Reynolds,kreynolds3@google.pl,Female,204.213.221.8
5,Jessica,Long,jlong4@nifty.com,Female,98.244.81.23
6,Nicholas,Rogers,nrogers5@jalbum.net,Male,213.86.242.114
7,Kimberly,Stephens,kstephens6@globo.com,Female,199.104.100.88
8,Gary,Robinson,grobinson7@google.cn,Male,179.187.182.50
9,Brian,Edwards,bedwards8@scientificamerican.com,Male,128.99.38.216
10,Earl,Wright,ewright9@cdbaby.com,Male,146.24.22.203
11,Frances,Armstrong,farmstronga@go.com,Female,2.200.41.106
12,Anthony,Cooper,acooperb@pagesperso-orange.fr,Male,109.111.238.79
13,Katherine,Arnold,karnoldc@bluehost.com,Female,140.240.15.37
14,Betty,Peterson,bpetersond@sitemeter.com,Female,190.185.17.103
15,Fred,Grant,fgrante@soundcloud.com,Male,23.165.243.240
16,Mary,Howell,mhowellf@japanpost.jp,Female,50.145.221.237
17,Daniel,Nichols,dnicholsg@ebay.com,Male,111.155.210.27
18,Wanda,Oliver,woliverh@ameblo.jp,Female,4.81.22.167
19,Michelle,Austin,maustini@seesaa.net,Female,251.75.5.138
20,Andrea,Payne,apaynej@posterous.com,Female,175.74.161.121
21,Mildred,Carroll,mcarrollk@huffingtonpost.com,Female,179.129.204.40
22,Terry,Hicks,thicksl@sbwire.com,Male,164.123.223.130
23,Christine,Mcdonald,cmcdonaldm@mayoclinic.com,Female,178.240.168.155
24,Donald,Pierce,dpiercen@aboutads.info,Male,28.128.89.49
25,John,Fox,jfoxo@bloglovin.com,Male,223.157.162.81
26,Wanda,Henderson,whendersonp@go.com,Female,53.18.186.230
27,Tina,Peterson,tpetersonq@washingtonpost.com,Female,90.41.146.133
28,David,Howell,dhowellr@businesswire.com,Male,159.184.184.73
29,Rose,Grant,rgrants@cloudflare.com,Female,110.175.198.183
30,Susan,Perez,sperezt@google.co.jp,Female,68.65.220.1
31,Michelle,Young,myoungu@amazon.de,Female,128.153.134.238
32,Ernest,Dunn,edunnv@census.gov,Male,208.164.105.79
33,Todd,Henry,thenryw@dropbox.com,Male,180.76.127.213
34,Ernest,Allen,eallenx@pcworld.com,Male,196.34.171.89
35,Lois,Ellis,lellisy@youku.com,Female,46.188.145.66
36,Kelly,Stewart,kstewartz@ft.com,Female,21.50.51.124
37,Russell,Garza,rgarza10@tinypic.com,Male,72.50.244.47
38,Shawn,Carpenter,scarpenter11@time.com,Male,146.79.133.151
39,Bobby,Gutierrez,bgutierrez12@simplemachines.org,Male,129.33.143.161
40,David,Henry,dhenry13@trellian.com,Male,46.133.58.39
41,Gary,Butler,gbutler14@sohu.com,Male,72.192.149.86
42,Alan,Miller,amiller15@state.gov,Male,250.24.137.133
43,Annie,Reynolds,areynolds16@sourceforge.net,Female,99.186.189.55
44,Alice,Gonzalez,agonzalez17@soup.io,Female,69.51.208.3
45,Irene,Bryant,ibryant18@icio.us,Female,181.233.244.171
46,Sean,Burns,sburns19@webmd.com,Male,114.51.222.1
47,Diana,Cook,dcook1a@archive.org,Female,3.129.200.158
48,Brenda,Long,blong1b@stumbleupon.com,Female,243.51.25.142
49,Samuel,Harris,sharris1c@si.edu,Male,91.173.204.125
50,William,Rose,wrose1d@cnn.com,Male,223.54.69.95
51,Kathleen,Freeman,kfreeman1e@cdbaby.com,Female,78.187.198.5
52,Patrick,Webb,pwebb1f@disqus.com,Male,208.190.201.131
53,Mary,Garza,mgarza1g@bloglines.com,Female,134.197.46.215
54,Jacqueline,Day,jday1h@multiply.com,Female,253.207.7.91
55,Tammy,Robertson,trobertson1i@tinypic.com,Female,196.202.103.73
56,Jessica,Kim,jkim1j@joomla.org,Female,47.39.249.198
57,Steve,Sanders,ssanders1k@webs.com,Male,169.195.142.95
58,Gloria,Gomez,ggomez1l@miibeian.gov.cn,Female,96.200.30.92
59,Elizabeth,Carr,ecarr1m@cbslocal.com,Female,143.86.231.158
60,Anna,Boyd,aboyd1n@blogspot.com,Female,21.92.5.0
61,Denise,Reyes,dreyes1o@cam.ac.uk,Female,226.7.240.229
62,Joe,Rose,jrose1p@theguardian.com,Male,169.34.175.152
63,Chris,Roberts,croberts1q@ted.com,Male,34.44.205.252
64,Aaron,Williams,awilliams1r@dropbox.com,Male,62.4.211.52
65,Aaron,Webb,awebb1s@webmd.com,Male,98.107.254.120
66,Willie,Clark,wclark1t@virginia.edu,Male,3.165.129.82
67,Timothy,Thompson,tthompson1u@bloglovin.com,Male,96.187.73.76
68,Samuel,Russell,srussell1v@w3.org,Male,103.34.218.197
69,Edward,Fernandez,efernandez1w@wp.com,Male,220.223.32.63
70,Melissa,Payne,mpayne1x@list-manage.com,Female,197.201.70.120
71,Todd,Robertson,trobertson1y@so-net.ne.jp,Male,38.37.99.126
72,Adam,Mills,amills1z@nba.com,Male,141.183.30.162
73,Carolyn,Garza,cgarza20@parallels.com,Female,83.2.249.25
74,Kevin,Bennett,kbennett21@nsw.gov.au,Male,19.211.182.83
75,Keith,Hawkins,khawkins22@wikia.com,Male,54.125.109.12
76,Katherine,Harrison,kharrison23@is.gd,Female,199.235.96.7
77,Nicole,Romero,nromero24@amazonaws.com,Female,111.42.73.156
78,Eric,Jones,ejones25@hostgator.com,Male,68.154.208.11
79,Ann,Jenkins,ajenkins26@bbc.co.uk,Female,131.254.135.195
80,Wayne,Graham,wgraham27@cdc.gov,Male,44.83.10.254
81,Aaron,Palmer,apalmer28@ox.ac.uk,Male,107.119.146.114
82,Louis,Tucker,ltucker29@1688.com,Male,179.94.66.101
83,Judy,Fowler,jfowler2a@mapquest.com,Female,109.44.0.6
84,Jose,Hudson,jhudson2b@prnewswire.com,Male,120.48.219.65
85,Jason,Franklin,jfranklin2c@stumbleupon.com,Male,51.243.27.9
86,Henry,Barnes,hbarnes2d@bandcamp.com,Male,247.116.69.127
87,Debra,Palmer,dpalmer2e@boston.com,Female,13.222.241.19
88,Katherine,Williamson,kwilliamson2f@woothemes.com,Female,44.230.100.189
89,Thomas,Walker,twalker2g@webeden.co.uk,Male,249.183.224.184
90,Sharon,Banks,sbanks2h@miitbeian.gov.cn,Female,22.224.31.152
91,Rachel,Hawkins,rhawkins2i@joomla.org,Female,141.189.210.48
92,Billy,Griffin,bgriffin2j@economist.com,Male,107.124.147.3
93,Elizabeth,Hanson,ehanson2k@wix.com,Female,69.238.14.248
94,Marie,Gibson,mgibson2l@europa.eu,Female,127.106.191.155
95,Kathleen,Moore,kmoore2m@sphinn.com,Female,247.156.98.177
96,Janet,Ortiz,jortiz2n@squarespace.com,Female,108.92.233.139
97,Patricia,Roberts,proberts2o@vinaora.com,Female,252.100.117.215
98,Sean,Barnes,sbarnes2p@craigslist.org,Male,118.22.239.216
99,Terry,Moreno,tmoreno2q@weather.com,Male,253.84.57.254
100,Gary,Thompson,gthompson2r@xinhuanet.com,Male,49.21.175.144
101,Laura,Stanley,lstanley2s@auda.org.au,Female,254.188.169.171
102,Dorothy,Hanson,dhanson2t@tmall.com,Female,127.22.31.50
103,Linda,Perez,lperez2u@exblog.jp,Female,174.94.39.231
104,Joseph,Kennedy,jkennedy2v@studiopress.com,Male,85.77.211.193
105,Stephanie,Lee,slee2w@chron.com,Female,205.111.64.164
106,John,Boyd,jboyd2x@ucoz.ru,Male,74.163.42.77
107,Irene,Burton,iburton2y@ocn.ne.jp,Female,117.204.85.170
108,Bruce,Allen,ballen2z@businesswire.com,Male,169.187.234.205
109,Nicole,Hanson,nhanson30@flavors.me,Female,118.231.47.186
110,Tammy,Flores,tflores31@hostgator.com,Female,24.199.57.27
111,Howard,Perez,hperez32@biglobe.ne.jp,Male,199.53.167.123
112,Louise,Gardner,lgardner33@booking.com,Female,43.209.185.183
113,Catherine,Stanley,cstanley34@vinaora.com,Female,33.47.142.121
114,Andrea,Diaz,adiaz35@vkontakte.ru,Female,146.88.111.6
115,Debra,Morgan,dmorgan36@whitehouse.gov,Female,60.197.237.109
116,Christine,Greene,cgreene37@homestead.com,Female,77.158.81.198
117,Tina,Welch,twelch38@so-net.ne.jp,Female,127.26.51.215
118,Nancy,Palmer,npalmer39@123-reg.co.uk,Female,59.81.160.25
119,Albert,Riley,ariley3a@yale.edu,Male,129.125.65.75
120,Jesse,Jones,jjones3b@discovery.com,Male,170.10.43.87
121,Brian,Burke,bburke3c@hc360.com,Male,30.30.21.227
122,Brian,Dunn,bdunn3d@odnoklassniki.ru,Male,107.138.69.122
123,Gregory,Brown,gbrown3e@china.com.cn,Male,254.187.98.23
124,Mary,Arnold,marnold3f@marriott.com,Female,142.106.188.133
125,Kenneth,Burton,kburton3g@joomla.org,Male,157.78.200.79
126,Janice,Anderson,janderson3h@google.co.uk,Female,246.55.209.165
127,Bobby,Kelley,bkelley3i@purevolume.com,Male,196.147.245.215
128,Denise,Holmes,dholmes3j@slashdot.org,Female,106.44.32.209
129,Gregory,Williams,gwilliams3k@timesonline.co.uk,Male,69.56.163.61
130,Andrea,Roberts,aroberts3l@ovh.net,Female,157.144.142.22
131,Carolyn,Jackson,cjackson3m@blogspot.com,Female,114.203.152.126
132,Nicholas,Watkins,nwatkins3n@aol.com,Male,214.17.197.23
133,Juan,Kelley,jkelley3o@jigsy.com,Male,8.81.32.68
134,Stephanie,Arnold,sarnold3p@engadget.com,Female,181.124.49.191
135,Heather,Ford,hford3q@webmd.com,Female,204.228.165.14
136,Jerry,Rodriguez,jrodriguez3r@ebay.com,Male,19.37.249.165
137,Diana,Lee,dlee3s@webeden.co.uk,Female,42.101.108.242
138,Robin,Gray,rgray3t@liveinternet.ru,Female,227.240.91.77
139,Eugene,Gonzales,egonzales3u@telegraph.co.uk,Male,245.0.242.198
140,Jack,King,jking3v@bandcamp.com,Male,147.109.108.19
141,Richard,Cook,rcook3w@blinklist.com,Male,45.174.142.250
142,Evelyn,Johnson,ejohnson3x@fda.gov,Female,35.151.26.204
143,Jeremy,Robinson,jrobinson3y@amazonaws.com,Male,152.149.193.210
144,Gerald,Reynolds,greynolds3z@zimbio.com,Male,220.114.39.15
145,James,Robertson,jrobertson40@dion.ne.jp,Male,19.126.105.113
146,Andrea,Owens,aowens41@mtv.com,Female,83.121.47.108
147,Bobby,Carpenter,bcarpenter42@aol.com,Male,92.236.85.85
148,Carlos,Holmes,cholmes43@mediafire.com,Male,241.149.148.100
149,Louis,Thompson,lthompson44@ifeng.com,Male,150.180.18.93
150,Susan,Ortiz,sortiz45@g.co,Female,126.71.252.166
151,Lawrence,Stone,lstone46@smugmug.com,Male,52.248.71.249
152,Jean,Harper,jharper47@reference.com,Female,213.55.133.149
153,Susan,Miller,smiller48@deliciousdays.com,Female,114.159.203.142
154,Ernest,Ross,eross49@soup.io,Male,205.145.228.248
155,James,Murray,jmurray4a@msu.edu,Male,165.149.144.145
156,Billy,Williams,bwilliams4b@free.fr,Male,55.115.136.116
157,Jonathan,Murray,jmurray4c@amazon.de,Male,115.70.166.83
158,Ruth,Graham,rgraham4d@rambler.ru,Female,245.243.108.42
159,Jessica,Miller,jmiller4e@patch.com,Female,166.42.39.186
160,Betty,Stone,bstone4f@myspace.com,Female,116.210.122.2
161,Robin,Cunningham,rcunningham4g@blogs.com,Female,80.40.57.46
162,Sharon,Knight,sknight4h@hibu.com,Female,37.3.146.98
163,Keith,Sims,ksims4i@sfgate.com,Male,253.162.16.139
164,James,Kelley,jkelley4j@fc2.com,Male,184.76.223.185
165,Gloria,Thomas,gthomas4k@t-online.de,Female,47.20.9.24
166,Christina,Robertson,crobertson4l@wikimedia.org,Female,170.115.59.69
167,Eugene,Mills,emills4m@fda.gov,Male,104.21.29.125
168,Joan,Gibson,jgibson4n@yellowpages.com,Female,149.8.228.107
169,Patrick,Watson,pwatson4o@tripod.com,Male,243.117.16.76
170,Evelyn,Moore,emoore4p@hostgator.com,Female,102.248.99.235
171,Sharon,Woods,swoods4q@engadget.com,Female,238.33.4.141
172,Wanda,Henry,whenry4r@microsoft.com,Female,199.11.155.198
173,Justin,Gomez,jgomez4s@amazon.co.uk,Male,93.140.219.17
174,Anna,Dixon,adixon4t@zdnet.com,Female,17.162.14.249
175,Gary,Rice,grice4u@ebay.com,Male,227.87.235.93
176,Lillian,Bailey,lbailey4v@ocn.ne.jp,Female,209.159.239.69
177,Irene,Ray,iray4w@geocities.jp,Female,219.154.161.136
178,Angela,Butler,abutler4x@nih.gov,Female,227.245.162.184
179,Jeremy,Armstrong,jarmstrong4y@independent.co.uk,Male,42.141.94.35
180,Harry,Elliott,helliott4z@smugmug.com,Male,39.66.244.212
181,Ernest,Morgan,emorgan50@wufoo.com,Male,58.244.87.32
182,Sarah,Lynch,slynch51@time.com,Female,14.204.36.132
183,Judy,Cook,jcook52@home.pl,Female,63.59.104.133
184,Melissa,Richards,mrichards53@icio.us,Female,11.47.142.190
185,Mary,Lawson,mlawson54@ted.com,Female,37.108.234.170
186,Paula,Elliott,pelliott55@cmu.edu,Female,44.100.36.230
187,Mary,Armstrong,marmstrong56@linkedin.com,Female,91.195.190.53
188,Carl,Simmons,csimmons57@loc.gov,Male,131.75.153.94
189,Michael,Evans,mevans58@fda.gov,Male,62.191.107.30
190,Bobby,Bailey,bbailey59@chronoengine.com,Male,113.4.18.181
191,Jerry,Lee,jlee5a@topsy.com,Male,80.163.202.139
192,Alice,Carter,acarter5b@360.cn,Female,99.13.252.21
193,Ruth,Porter,rporter5c@amazon.com,Female,132.244.123.199
194,Billy,Cooper,bcooper5d@phoca.cz,Male,180.6.50.84
195,Ruth,Sims,rsims5e@nytimes.com,Female,231.5.21.167
196,Timothy,Kelley,tkelley5f@epa.gov,Male,160.152.132.4
197,Phyllis,Frazier,pfrazier5g@prweb.com,Female,11.137.85.53
198,Chris,Jones,cjones5h@example.com,Male,110.140.48.245
199,Maria,Gomez,mgomez5i@china.com.cn,Female,80.85.100.126
200,Louis,Lopez,llopez5j@google.pl,Male,48.116.60.202
201,Laura,Lynch,llynch5k@gizmodo.com,Female,35.64.159.248
202,Joshua,Simmons,jsimmons5l@indiatimes.com,Male,143.106.109.57
203,Brandon,Adams,badams5m@imdb.com,Male,95.62.164.14
204,Nicholas,Bailey,nbailey5n@mozilla.com,Male,215.150.70.179
205,Albert,Brown,abrown5o@liveinternet.ru,Male,10.5.5.30
206,Kimberly,Rogers,krogers5p@nationalgeographic.com,Female,98.168.6.90
207,Martin,Hawkins,mhawkins5q@wikia.com,Male,224.157.103.18
208,Frances,Welch,fwelch5r@odnoklassniki.ru,Female,5.107.59.171
209,Bruce,Watson,bwatson5s@un.org,Male,18.46.44.173
210,Ann,Andrews,aandrews5t@house.gov,Female,206.35.208.87
211,Carl,Henry,chenry5u@ameblo.jp,Male,147.21.170.237
212,Larry,Hunter,lhunter5v@phoca.cz,Male,172.21.126.151
213,Melissa,Reid,mreid5w@infoseek.co.jp,Female,68.112.248.97
214,Irene,Gray,igray5x@netlog.com,Female,57.79.81.241
215,Katherine,Grant,kgrant5y@quantcast.com,Female,38.9.118.131
216,Annie,Baker,abaker5z@ask.com,Female,68.94.183.227
217,Paul,Ford,pford60@nationalgeographic.com,Male,117.101.40.44
218,William,Cunningham,wcunningham61@aboutads.info,Male,96.61.154.179
219,Heather,Bell,hbell62@pbs.org,Female,112.70.125.6
220,Anne,Schmidt,aschmidt63@newyorker.com,Female,89.200.39.231
221,Jennifer,Gilbert,jgilbert64@marketwatch.com,Female,110.66.140.108
222,Harold,Romero,hromero65@spiegel.de,Male,231.59.0.175
223,Adam,Bradley,abradley66@desdev.cn,Male,81.115.214.195
224,Jennifer,Myers,jmyers67@aol.com,Female,118.81.2.97
225,Gloria,Alvarez,galvarez68@reuters.com,Female,189.20.141.151
226,Gregory,Warren,gwarren69@stumbleupon.com,Male,200.147.183.88
227,Gerald,Hawkins,ghawkins6a@sfgate.com,Male,68.144.148.137
228,Jane,Wood,jwood6b@nationalgeographic.com,Female,54.163.20.134
229,Christine,Morales,cmorales6c@vistaprint.com,Female,38.50.129.253
230,Gregory,Richardson,grichardson6d@ebay.com,Male,36.107.255.147
231,Ernest,Murray,emurray6e@columbia.edu,Male,238.80.139.84
232,Ruth,Ray,rray6f@php.net,Female,57.63.179.165
233,Susan,Diaz,sdiaz6g@github.com,Female,216.47.17.135
234,Marie,Peterson,mpeterson6h@businessweek.com,Female,117.49.159.172
235,Kevin,Harper,kharper6i@cnn.com,Male,1.126.156.51
236,Nicole,Hughes,nhughes6j@marketwatch.com,Female,25.187.111.214
237,Harry,Kennedy,hkennedy6k@dell.com,Male,88.106.239.240
238,Lillian,Porter,lporter6l@mozilla.org,Female,192.91.61.157
239,Paula,Bailey,pbailey6m@boston.com,Female,52.126.44.4
240,Thomas,Hicks,thicks6n@arstechnica.com,Male,68.207.220.199
241,Jack,Cunningham,jcunningham6o@auda.org.au,Male,24.186.65.135
242,Doris,Alvarez,dalvarez6p@amazon.com,Female,21.93.34.193
243,Evelyn,Medina,emedina6q@bizjournals.com,Female,255.4.119.118
244,Juan,Duncan,jduncan6r@alibaba.com,Male,14.110.120.112
245,Terry,Daniels,tdaniels6s@ehow.com,Male,33.8.233.152
246,Steve,Ray,sray6t@auda.org.au,Male,218.122.202.238
247,Stephen,Anderson,sanderson6u@alibaba.com,Male,175.116.220.95
248,Angela,Dixon,adixon6v@so-net.ne.jp,Female,127.61.64.59
249,Sarah,Torres,storres6w@irs.gov,Female,235.178.53.85
250,Katherine,Patterson,kpatterson6x@webmd.com,Female,228.42.8.99
251,Gloria,Morales,gmorales6y@shinystat.com,Female,67.92.212.207
252,Diana,Taylor,dtaylor6z@ow.ly,Female,126.231.166.246
253,Ruth,Brooks,rbrooks70@stanford.edu,Female,202.233.138.72
254,Lori,Harrison,lharrison71@nba.com,Female,84.204.135.79
255,Amy,Watkins,awatkins72@disqus.com,Female,95.80.152.87
256,Fred,Robertson,frobertson73@cbc.ca,Male,77.76.151.65
257,Randy,Chapman,rchapman74@si.edu,Male,67.133.0.208
258,Rose,Rodriguez,rrodriguez75@i2i.jp,Female,189.90.169.242
259,Wayne,Matthews,wmatthews76@yahoo.co.jp,Male,13.121.63.27
260,Janet,Berry,jberry77@chronoengine.com,Female,205.219.203.94
261,Shawn,Franklin,sfranklin78@sfgate.com,Male,124.112.22.99
262,Joan,Cook,jcook79@paypal.com,Female,30.176.30.57
263,Jennifer,Gutierrez,jgutierrez7a@naver.com,Female,155.39.204.174
264,Ruby,Taylor,rtaylor7b@sun.com,Female,127.54.207.89
265,Teresa,Fowler,tfowler7c@cbslocal.com,Female,118.177.69.50
266,Chris,Clark,cclark7d@sina.com.cn,Male,181.124.56.83
267,Louise,Kelly,lkelly7e@dropbox.com,Female,27.75.231.118
268,Cynthia,Lynch,clynch7f@gnu.org,Female,92.193.24.49
269,Anthony,Garza,agarza7g@telegraph.co.uk,Male,123.147.179.122
270,Tina,Stanley,tstanley7h@dailymotion.com,Female,115.80.8.63
271,Eugene,Jacobs,ejacobs7i@barnesandnoble.com,Male,133.240.255.242
272,Ashley,Hudson,ahudson7j@scientificamerican.com,Female,112.208.159.201
273,Joan,Garrett,jgarrett7k@epa.gov,Female,243.217.95.101
274,Benjamin,Andrews,bandrews7l@naver.com,Male,26.119.158.255
275,Charles,Foster,cfoster7m@virginia.edu,Male,8.4.78.29
276,Beverly,Cunningham,bcunningham7n@dropbox.com,Female,162.130.97.254
277,Melissa,Carroll,mcarroll7o@jugem.jp,Female,172.83.128.151
278,Amy,Bradley,abradley7p@dailymotion.com,Female,111.114.89.225
279,Alice,Howard,ahoward7q@wikispaces.com,Female,117.144.223.142
280,Angela,Schmidt,aschmidt7r@marketwatch.com,Female,83.8.145.81
281,Terry,Porter,tporter7s@unblog.fr,Male,172.57.20.11
282,Laura,Wood,lwood7t@webmd.com,Female,139.135.228.249
283,Dorothy,Perez,dperez7u@photobucket.com,Female,179.149.110.61
284,Jerry,Porter,jporter7v@cbsnews.com,Male,88.125.50.162
285,Anthony,Hamilton,ahamilton7w@buzzfeed.com,Male,18.108.236.69
286,Paul,Matthews,pmatthews7x@dailymotion.com,Male,196.81.161.110
287,Larry,Hawkins,lhawkins7y@parallels.com,Male,151.185.237.146
288,Maria,Hayes,mhayes7z@tiny.cc,Female,194.30.134.134
289,Katherine,Morris,kmorris80@ameblo.jp,Female,154.203.21.10
290,Gregory,Ryan,gryan81@phoca.cz,Male,4.110.61.18
291,Ashley,Wheeler,awheeler82@hibu.com,Female,202.198.48.23
292,Beverly,George,bgeorge83@netscape.com,Female,161.136.45.246
293,Jerry,Marshall,jmarshall84@qq.com,Male,64.81.40.75
294,Diane,Gibson,dgibson85@accuweather.com,Female,138.109.29.131
295,Brian,Hart,bhart86@sfgate.com,Male,191.40.209.240
296,Lillian,Oliver,loliver87@slideshare.net,Female,250.32.100.20
297,Debra,Wallace,dwallace88@desdev.cn,Female,148.113.217.68
298,Matthew,Elliott,melliott89@businessweek.com,Male,170.136.238.124
299,Mary,Montgomery,mmontgomery8a@dell.com,Female,187.158.245.146
300,Carl,Bailey,cbailey8b@forbes.com,Male,52.153.42.128
301,Susan,Cook,scook8c@ihg.com,Female,193.119.135.33
302,Gregory,Barnes,gbarnes8d@nps.gov,Male,233.85.104.165
303,Kathy,Larson,klarson8e@github.com,Female,101.99.172.41
304,Steven,Mitchell,smitchell8f@sfgate.com,Male,54.247.163.199
305,Anne,Fernandez,afernandez8g@mediafire.com,Female,40.151.22.32
306,Susan,Greene,sgreene8h@unesco.org,Female,203.5.185.237
307,Willie,Woods,wwoods8i@ucsd.edu,Male,159.194.14.253
308,Ruth,Ward,rward8j@google.it,Female,174.212.185.131
309,Ryan,Jacobs,rjacobs8k@sun.com,Male,245.225.47.237
310,Kelly,Turner,kturner8l@is.gd,Female,69.184.135.106
311,Margaret,Garcia,mgarcia8m@jalbum.net,Female,116.113.230.46
312,Pamela,Johnson,pjohnson8n@walmart.com,Female,65.45.154.171
313,Cynthia,Bailey,cbailey8o@constantcontact.com,Female,101.140.171.219
314,Louise,Anderson,landerson8p@wikia.com,Female,2.88.7.242
315,Peter,Freeman,pfreeman8q@google.fr,Male,209.40.217.6
316,Doris,Franklin,dfranklin8r@home.pl,Female,162.243.41.17
317,Phyllis,Richardson,prichardson8s@uiuc.edu,Female,77.185.119.2
318,Joshua,Lewis,jlewis8t@symantec.com,Male,23.100.61.101
319,Janet,Payne,jpayne8u@google.com.au,Female,49.40.4.14
320,Karen,Campbell,kcampbell8v@boston.com,Female,69.245.171.255
321,Melissa,Murray,mmurray8w@facebook.com,Female,6.119.226.80
322,Amanda,Bell,abell8x@slideshare.net,Female,253.47.81.12
323,Sean,Harris,sharris8y@google.fr,Male,68.51.215.20
324,Marilyn,Collins,mcollins8z@printfriendly.com,Female,1.71.57.146
325,Gloria,Garrett,ggarrett90@google.de,Female,13.140.118.242
326,Victor,Freeman,vfreeman91@addthis.com,Male,194.155.209.180
327,Willie,Wheeler,wwheeler92@eventbrite.com,Male,150.160.105.89
328,Anna,Clark,aclark93@psu.edu,Female,166.73.186.49
329,Mary,Hernandez,mhernandez94@telegraph.co.uk,Female,38.196.73.65
330,Juan,Hall,jhall95@pcworld.com,Male,129.248.231.255
331,Theresa,Cooper,tcooper96@eventbrite.com,Female,183.73.153.102
332,Carol,Simpson,csimpson97@privacy.gov.au,Female,36.192.148.44
333,Anne,Powell,apowell98@businessinsider.com,Female,205.172.241.219
334,Amy,Medina,amedina99@slideshare.net,Female,142.133.18.116
335,Carl,Harris,charris9a@exblog.jp,Male,49.213.139.70
336,Howard,Davis,hdavis9b@sfgate.com,Male,123.244.222.126
337,Arthur,Taylor,ataylor9c@soundcloud.com,Male,200.192.82.215
338,Jimmy,Shaw,jshaw9d@facebook.com,Male,35.33.246.195
339,Jonathan,Wright,jwright9e@geocities.com,Male,6.131.15.121
340,Andrew,King,aking9f@last.fm,Male,37.110.229.50
341,Samuel,Oliver,soliver9g@tuttocitta.it,Male,62.106.238.137
342,Bonnie,Bryant,bbryant9h@msn.com,Female,71.105.224.250
343,Brian,Collins,bcollins9i@msn.com,Male,32.229.219.7
344,Stephen,Reid,sreid9j@ovh.net,Male,68.63.129.239
345,Ashley,Riley,ariley9k@shutterfly.com,Female,113.109.164.184
346,Craig,Watkins,cwatkins9l@indiegogo.com,Male,106.39.204.85
347,Scott,Williams,swilliams9m@oaic.gov.au,Male,140.88.27.224
348,Lori,Richards,lrichards9n@histats.com,Female,194.204.224.231
349,Billy,Snyder,bsnyder9o@t.co,Male,33.179.2.29
350,Helen,Reid,hreid9p@omniture.com,Female,148.130.240.14
351,Judith,Daniels,jdaniels9q@umich.edu,Female,182.94.249.136
352,Larry,Martin,lmartin9r@theguardian.com,Male,234.69.84.110
353,Shirley,Smith,ssmith9s@mayoclinic.com,Female,50.106.253.132
354,Alice,Collins,acollins9t@gizmodo.com,Female,65.96.86.205
355,Justin,Perry,jperry9u@google.fr,Male,114.170.204.201
356,Aaron,Ellis,aellis9v@yahoo.com,Male,84.209.161.159
357,Pamela,Cook,pcook9w@senate.gov,Female,25.93.132.5
358,Justin,Long,jlong9x@ycombinator.com,Male,24.213.254.69
359,Mark,Marshall,mmarshall9y@goo.ne.jp,Male,181.162.11.9
360,Beverly,Williams,bwilliams9z@bluehost.com,Female,146.106.184.200
361,Ruth,Baker,rbakera0@apple.com,Female,53.40.3.218
362,Benjamin,Burton,bburtona1@gnu.org,Male,155.89.6.248
363,Wayne,Chapman,wchapmana2@nhs.uk,Male,59.110.183.202
364,Julia,Harris,jharrisa3@google.cn,Female,199.112.196.56
365,Catherine,Rice,cricea4@washingtonpost.com,Female,39.243.98.158
366,Adam,Owens,aowensa5@twitpic.com,Male,34.133.244.86
367,Ralph,Hanson,rhansona6@about.me,Male,38.0.75.130
368,Roger,Gardner,rgardnera7@printfriendly.com,Male,47.220.111.233
369,Robin,Gonzales,rgonzalesa8@shinystat.com,Female,217.181.108.173
370,Pamela,Montgomery,pmontgomerya9@youtu.be,Female,17.196.62.210
371,Randy,White,rwhiteaa@state.tx.us,Male,24.172.247.149
372,Andrea,Berry,aberryab@dropbox.com,Female,240.240.94.78
373,David,Gordon,dgordonac@china.com.cn,Male,20.205.5.193
374,Jean,James,jjamesad@imdb.com,Female,247.211.193.44
375,William,Mccoy,wmccoyae@a8.net,Male,124.4.163.52
376,Denise,Armstrong,darmstrongaf@com.com,Female,159.114.53.17
377,Howard,Bradley,hbradleyag@drupal.org,Male,90.42.238.122
378,Kimberly,Parker,kparkerah@ebay.com,Female,158.195.105.120
379,Anthony,Taylor,ataylorai@paypal.com,Male,63.182.204.233
380,James,Gonzales,jgonzalesaj@barnesandnoble.com,Male,30.214.57.220
381,Marilyn,Rose,mroseak@businessinsider.com,Female,128.162.28.115
382,Bruce,Morgan,bmorganal@example.com,Male,64.207.174.175
383,Christopher,Banks,cbanksam@berkeley.edu,Male,102.83.186.101
384,Jose,Garrett,jgarrettan@1688.com,Male,249.34.7.75
385,Billy,Montgomery,bmontgomeryao@engadget.com,Male,75.14.114.70
386,Douglas,Stone,dstoneap@washington.edu,Male,218.231.22.9
387,Jean,Gordon,jgordonaq@bing.com,Female,13.103.232.116
388,Paul,Howard,phowardar@bbc.co.uk,Male,163.88.215.165
389,Nicholas,Bradley,nbradleyas@prlog.org,Male,51.70.169.243
390,Emily,Bradley,ebradleyat@stumbleupon.com,Female,100.170.77.71
391,Keith,Crawford,kcrawfordau@walmart.com,Male,144.227.172.76
392,Sarah,Montgomery,smontgomeryav@exblog.jp,Female,174.24.15.85
393,Anne,Johnston,ajohnstonaw@comcast.net,Female,172.56.163.14
394,Matthew,Fernandez,mfernandezax@usda.gov,Male,224.55.70.61
395,Jose,Gutierrez,jgutierrezay@quantcast.com,Male,220.201.126.207
396,Annie,Hanson,ahansonaz@phoca.cz,Female,59.53.116.99
397,Billy,Ward,bwardb0@tripod.com,Male,70.174.51.182
398,Scott,Nguyen,snguyenb1@symantec.com,Male,195.244.36.250
399,Rose,Ryan,rryanb2@imageshack.us,Female,213.154.33.84
400,Todd,Bennett,tbennettb3@newsvine.com,Male,170.209.13.202
401,Susan,Lynch,slynchb4@posterous.com,Female,127.168.60.236
402,Billy,Duncan,bduncanb5@goodreads.com,Male,97.59.84.200
403,Todd,Hudson,thudsonb6@geocities.com,Male,52.47.19.71
404,Keith,Nelson,knelsonb7@paginegialle.it,Male,140.146.129.238
405,Samuel,Sanders,ssandersb8@gizmodo.com,Male,53.95.213.102
406,Christina,Bowman,cbowmanb9@nyu.edu,Female,81.124.179.175
407,Susan,Schmidt,sschmidtba@mail.ru,Female,87.242.51.134
408,Joseph,Sullivan,jsullivanbb@phpbb.com,Male,131.4.97.246
409,Rebecca,Perry,rperrybc@fda.gov,Female,238.207.67.27
410,Diane,Burton,dburtonbd@hubpages.com,Female,18.115.205.235
411,Rebecca,Fox,rfoxbe@sphinn.com,Female,70.249.206.189
412,Todd,Williamson,twilliamsonbf@nsw.gov.au,Male,167.16.203.93
413,Joan,Richardson,jrichardsonbg@simplemachines.org,Female,148.163.202.234
414,Carl,Carr,ccarrbh@wix.com,Male,111.244.161.95
415,Patricia,Tucker,ptuckerbi@soundcloud.com,Female,134.49.232.22
416,Richard,Austin,raustinbj@livejournal.com,Male,146.38.227.6
417,Howard,Nguyen,hnguyenbk@yellowbook.com,Male,245.64.209.213
418,Catherine,Fuller,cfullerbl@bizjournals.com,Female,44.31.117.50
419,Marilyn,Sanchez,msanchezbm@twitpic.com,Female,243.251.125.196
420,Janice,Stanley,jstanleybn@facebook.com,Female,135.195.188.5
421,John,Henry,jhenrybo@google.de,Male,61.48.127.239
422,Helen,Porter,hporterbp@narod.ru,Female,41.6.99.243
423,Brandon,Williams,bwilliamsbq@google.com.hk,Male,50.210.223.254
424,Teresa,Harrison,tharrisonbr@sitemeter.com,Female,161.60.150.6
425,Patricia,Scott,pscottbs@mysql.com,Female,175.229.190.165
426,Brandon,Baker,bbakerbt@economist.com,Male,248.241.184.178
427,Mark,Ryan,mryanbu@ning.com,Male,58.233.0.225
428,Susan,Rose,srosebv@wikispaces.com,Female,166.64.184.182
429,Diana,Edwards,dedwardsbw@google.cn,Female,140.117.84.236
430,Susan,Perkins,sperkinsbx@walmart.com,Female,134.175.97.191
431,Robin,Dean,rdeanby@bloomberg.com,Female,126.63.38.50
432,Anne,Turner,aturnerbz@tuttocitta.it,Female,238.191.182.230
433,Diane,Hall,dhallc0@last.fm,Female,234.219.28.187
434,Frank,Smith,fsmithc1@woothemes.com,Male,194.120.17.120
435,Shirley,Gilbert,sgilbertc2@netvibes.com,Female,54.34.40.181
436,Nancy,Armstrong,narmstrongc3@phoca.cz,Female,203.99.14.80
437,Laura,Ward,lwardc4@slate.com,Female,146.109.121.28
438,Donald,Franklin,dfranklinc5@ted.com,Male,113.148.133.169
439,Lillian,Williams,lwilliamsc6@netvibes.com,Female,229.152.228.235
440,Phyllis,Wallace,pwallacec7@rediff.com,Female,207.186.176.86
441,Kevin,Simpson,ksimpsonc8@patch.com,Male,47.177.106.170
442,David,Mccoy,dmccoyc9@prweb.com,Male,185.85.48.106
443,Eugene,Ferguson,efergusonca@google.com.hk,Male,3.251.22.228
444,Rose,Andrews,randrewscb@people.com.cn,Female,96.8.111.152
445,David,Nelson,dnelsoncc@seattletimes.com,Male,114.37.225.158
446,Theresa,Butler,tbutlercd@un.org,Female,203.37.102.30
447,Lois,Williamson,lwilliamsonce@apple.com,Female,132.194.129.96
448,Charles,Alexander,calexandercf@walmart.com,Male,219.71.255.125
449,Nicole,Bennett,nbennettcg@icio.us,Female,105.101.65.119
450,Henry,Chapman,hchapmanch@livejournal.com,Male,148.56.170.147
451,Nicholas,Alvarez,nalvarezci@nymag.com,Male,92.136.132.163
452,Philip,Morales,pmoralescj@digg.com,Male,226.243.2.108
453,Julia,Howard,jhowardck@bluehost.com,Female,216.168.133.34
454,Ronald,Ryan,rryancl@senate.gov,Male,117.0.128.227
455,Samuel,Castillo,scastillocm@jimdo.com,Male,72.11.71.151
456,Emily,Simpson,esimpsoncn@tinypic.com,Female,236.78.251.209
457,Kelly,Lynch,klynchco@rediff.com,Female,6.15.143.91
458,Martin,Gilbert,mgilbertcp@cnet.com,Male,159.243.186.243
459,Louise,Thompson,lthompsoncq@google.pl,Female,243.128.13.178
460,Kathy,Romero,kromerocr@csmonitor.com,Female,90.248.150.189
461,Benjamin,Ramos,bramoscs@addtoany.com,Male,67.157.157.125
462,Thomas,Simmons,tsimmonsct@disqus.com,Male,36.57.227.81
463,Jeremy,Andrews,jandrewscu@go.com,Male,188.81.13.180
464,Andrew,Hughes,ahughescv@studiopress.com,Male,40.41.228.23
465,Kathleen,Kelley,kkelleycw@nytimes.com,Female,14.216.176.165
466,Henry,Willis,hwilliscx@tamu.edu,Male,223.99.43.73
467,Jack,Myers,jmyerscy@wikipedia.org,Male,61.147.210.75
468,Rebecca,Wood,rwoodcz@arizona.edu,Female,26.133.48.131
469,Russell,Burton,rburtond0@barnesandnoble.com,Male,229.106.206.129
470,Kimberly,Berry,kberryd1@apache.org,Female,89.235.100.216
471,Timothy,Parker,tparkerd2@odnoklassniki.ru,Male,149.15.64.169
472,Kathryn,Webb,kwebbd3@oracle.com,Female,108.114.127.171
473,Gary,Sims,gsimsd4@miitbeian.gov.cn,Male,54.114.11.97
474,Raymond,Bell,rbelld5@icio.us,Male,215.127.15.201
475,Russell,Garcia,rgarciad6@linkedin.com,Male,130.149.213.254
476,Philip,Rose,prosed7@ucoz.com,Male,151.236.228.232
477,Kenneth,Jackson,kjacksond8@baidu.com,Male,147.239.239.149
478,Theresa,Evans,tevansd9@angelfire.com,Female,0.173.252.166
479,Rose,Berry,rberryda@w3.org,Female,63.17.103.79
480,Barbara,Wheeler,bwheelerdb@engadget.com,Female,214.180.201.129
481,Sarah,Wood,swooddc@fema.gov,Female,245.182.188.164
482,Frank,Hansen,fhansendd@vkontakte.ru,Male,175.138.144.230
483,Bobby,Kelley,bkelleyde@spotify.com,Male,58.176.30.214
484,Chris,Morris,cmorrisdf@vk.com,Male,76.198.34.123
485,Pamela,Ruiz,pruizdg@bing.com,Female,50.183.249.5
486,Edward,Jordan,ejordandh@sogou.com,Male,169.56.9.121
487,Roy,Mason,rmasondi@google.com.br,Male,57.119.207.87
488,Paul,Riley,prileydj@illinois.edu,Male,126.233.126.107
489,Catherine,Harris,charrisdk@constantcontact.com,Female,43.243.233.243
490,Jennifer,Harris,jharrisdl@digg.com,Female,17.95.40.208
491,Melissa,Baker,mbakerdm@discovery.com,Female,73.248.185.226
492,Martin,Howard,mhowarddn@163.com,Male,209.226.217.135
493,Keith,Boyd,kboyddo@1688.com,Male,202.64.14.102
494,Kathryn,Clark,kclarkdp@ox.ac.uk,Female,120.182.171.57
495,Donald,Lynch,dlynchdq@mail.ru,Male,81.45.145.191
496,Peter,Day,pdaydr@intel.com,Male,243.41.211.254
497,Kimberly,Carter,kcarterds@ucla.edu,Female,119.59.231.2
498,Patrick,Lewis,plewisdt@china.com.cn,Male,175.40.35.222
499,Raymond,Jacobs,rjacobsdu@blogtalkradio.com,Male,105.189.6.21
500,Norma,Evans,nevansdv@imgur.com,Female,79.65.174.6
501,Joseph,Hunt,jhuntdw@so-net.ne.jp,Male,180.89.25.178
502,Gloria,Holmes,gholmesdx@alexa.com,Female,83.243.78.120
503,Adam,Brooks,abrooksdy@vinaora.com,Male,250.141.114.11
504,Cynthia,Montgomery,cmontgomerydz@abc.net.au,Female,105.101.122.167
505,Gloria,Moreno,gmorenoe0@yellowbook.com,Female,243.72.118.233
506,Carl,Boyd,cboyde1@stumbleupon.com,Male,184.120.119.39
507,Christopher,Kim,ckime2@ovh.net,Male,44.241.248.109
508,Julie,Bell,jbelle3@live.com,Female,68.81.167.180
509,Keith,Ramos,kramose4@google.es,Male,190.210.149.51
510,Kelly,Mills,kmillse5@webeden.co.uk,Female,88.129.217.2
511,Lawrence,Richardson,lrichardsone6@chronoengine.com,Male,43.26.77.45
512,Richard,Reed,rreede7@nsw.gov.au,Male,241.41.191.27
513,Jack,Franklin,jfrankline8@hexun.com,Male,51.175.214.43
514,Jonathan,Gonzales,jgonzalese9@psu.edu,Male,120.72.52.122
515,Beverly,Bradley,bbradleyea@sfgate.com,Female,101.128.222.27
516,Walter,Perez,wperezeb@ow.ly,Male,212.127.235.247
517,Timothy,Mccoy,tmccoyec@telegraph.co.uk,Male,204.196.22.19
518,Doris,Clark,dclarked@usatoday.com,Female,36.120.224.248
519,Tammy,Nelson,tnelsonee@wikia.com,Female,161.197.116.192
520,Jason,Cox,jcoxef@soundcloud.com,Male,123.179.185.194
521,Brenda,Woods,bwoodseg@instagram.com,Female,7.233.18.206
522,Louise,Carpenter,lcarpentereh@csmonitor.com,Female,128.27.130.243
523,Irene,Robertson,irobertsonei@apache.org,Female,115.88.243.45
524,Marie,Hart,mhartej@geocities.jp,Female,220.40.217.211
525,Kathy,Perry,kperryek@squarespace.com,Female,233.134.180.174
526,Rose,Hudson,rhudsonel@constantcontact.com,Female,250.78.108.156
527,Brenda,Lane,blaneem@aol.com,Female,128.140.186.55
528,Jacqueline,Edwards,jedwardsen@harvard.edu,Female,193.19.25.86
529,Paul,Cole,pcoleeo@omniture.com,Male,1.0.89.85
530,Frances,Hayes,fhayesep@usda.gov,Female,127.235.31.53
531,William,Howell,whowelleq@cloudflare.com,Male,168.3.49.207
532,Marilyn,Perry,mperryer@unc.edu,Female,38.218.27.230
533,Roger,Boyd,rboydes@blog.com,Male,90.21.166.209
534,David,Grant,dgrantet@tuttocitta.it,Male,191.45.177.136
535,Mary,Rivera,mriveraeu@who.int,Female,19.181.250.213
536,Mary,Gutierrez,mgutierrezev@imgur.com,Female,168.162.38.190
537,Phillip,Cooper,pcooperew@pen.io,Male,65.157.176.191
538,Peter,Morris,pmorrisex@networksolutions.com,Male,245.229.219.137
539,Cynthia,Hunter,chunterey@wsj.com,Female,253.89.107.213
540,Christine,Payne,cpayneez@vkontakte.ru,Female,59.232.163.150
541,Robin,Hunter,rhunterf0@dropbox.com,Female,153.105.138.51
542,Paula,Gibson,pgibsonf1@foxnews.com,Female,62.106.41.218
543,Ronald,Tucker,rtuckerf2@statcounter.com,Male,60.163.82.167
544,Antonio,White,awhitef3@digg.com,Male,183.187.158.174
545,Nancy,Jones,njonesf4@nps.gov,Female,61.28.243.165
546,Ashley,Medina,amedinaf5@furl.net,Female,81.74.112.123
547,Sarah,Sims,ssimsf6@fda.gov,Female,111.165.231.54
548,Howard,Warren,hwarrenf7@livejournal.com,Male,181.19.126.218
549,Melissa,Ramos,mramosf8@ezinearticles.com,Female,186.8.66.158
550,Sharon,Smith,ssmithf9@51.la,Female,31.240.196.112
551,Kimberly,Richardson,krichardsonfa@wikimedia.org,Female,234.127.73.178
552,Stephanie,Owens,sowensfb@sakura.ne.jp,Female,149.225.145.43
553,Kenneth,Daniels,kdanielsfc@intel.com,Male,211.60.90.20
554,Gary,Hill,ghillfd@moonfruit.com,Male,203.210.41.105
555,Walter,Peterson,wpetersonfe@issuu.com,Male,247.113.2.177
556,Bonnie,Owens,bowensff@twitpic.com,Female,235.39.217.139
557,Martha,Wilson,mwilsonfg@blogger.com,Female,116.140.162.10
558,Melissa,Lynch,mlynchfh@ox.ac.uk,Female,165.44.103.245
559,Harold,Watson,hwatsonfi@sogou.com,Male,167.72.206.232
560,Angela,Bradley,abradleyfj@diigo.com,Female,196.106.236.147
561,Joe,Medina,jmedinafk@wufoo.com,Male,163.224.174.134
562,Joshua,Brown,jbrownfl@jugem.jp,Male,141.147.225.132
563,Julie,Carpenter,jcarpenterfm@msu.edu,Female,84.174.48.51
564,Annie,Reed,areedfn@lycos.com,Female,136.200.91.86
565,Roy,Barnes,rbarnesfo@telegraph.co.uk,Male,37.128.156.107
566,Patricia,Burke,pburkefp@aboutads.info,Female,92.213.169.74
567,Clarence,Kim,ckimfq@webmd.com,Male,74.189.236.184
568,Roy,Williams,rwilliamsfr@nymag.com,Male,133.222.51.127
569,Lois,Martinez,lmartinezfs@acquirethisname.com,Female,124.136.70.242
570,Harold,Shaw,hshawft@google.nl,Male,49.165.158.40
571,Mary,Stephens,mstephensfu@reddit.com,Female,167.106.232.95
572,John,Taylor,jtaylorfv@studiopress.com,Male,4.35.123.188
573,Carl,Fields,cfieldsfw@acquirethisname.com,Male,235.241.90.124
574,Pamela,Morales,pmoralesfx@bloglovin.com,Female,213.30.59.27
575,Frances,Reyes,freyesfy@canalblog.com,Female,131.203.45.0
576,Kathryn,Hudson,khudsonfz@hibu.com,Female,185.186.254.129
577,Janice,Harper,jharperg0@facebook.com,Female,185.33.82.28
578,Cynthia,Duncan,cduncang1@buzzfeed.com,Female,253.189.56.184
579,Beverly,Crawford,bcrawfordg2@51.la,Female,144.50.20.107
580,Carol,Lawrence,clawrenceg3@theglobeandmail.com,Female,138.214.233.116
581,Jane,Edwards,jedwardsg4@joomla.org,Female,128.165.149.142
582,Daniel,Henderson,dhendersong5@washingtonpost.com,Male,96.11.214.138
583,Jessica,Gonzalez,jgonzalezg6@techcrunch.com,Female,151.164.124.238
584,Martin,Russell,mrussellg7@wikispaces.com,Male,149.18.2.80
585,Rebecca,Perkins,rperkinsg8@sun.com,Female,239.117.69.47
586,Patricia,Price,ppriceg9@surveymonkey.com,Female,52.189.95.212
587,Shawn,Fisher,sfisherga@discovery.com,Male,83.107.255.155
588,Roger,Bradley,rbradleygb@soup.io,Male,162.84.30.116
589,Ann,Jones,ajonesgc@vkontakte.ru,Female,94.252.139.165
590,Frances,Griffin,fgriffingd@ihg.com,Female,235.53.140.141
591,Roger,Ferguson,rfergusonge@cbsnews.com,Male,119.216.5.6
592,Lisa,Peterson,lpetersongf@jugem.jp,Female,194.130.114.52
593,Sara,Garrett,sgarrettgg@economist.com,Female,7.229.138.126
594,Philip,Scott,pscottgh@g.co,Male,148.134.195.244
595,Robin,Johnston,rjohnstongi@hubpages.com,Female,50.24.104.159
596,Jessica,Sullivan,jsullivangj@reference.com,Female,101.108.205.195
597,Beverly,Fowler,bfowlergk@bizjournals.com,Female,16.37.31.145
598,Jason,Nichols,jnicholsgl@edublogs.org,Male,96.48.122.19
599,David,Rice,dricegm@ow.ly,Male,217.225.98.43
600,Deborah,Hernandez,dhernandezgn@usgs.gov,Female,2.9.218.39
601,Brian,Wheeler,bwheelergo@wordpress.com,Male,147.174.96.235
602,Maria,Matthews,mmatthewsgp@yellowbook.com,Female,169.34.182.203
603,Howard,Carter,hcartergq@washington.edu,Male,11.133.227.226
604,Andrew,Edwards,aedwardsgr@hao123.com,Male,42.241.28.58
605,Douglas,Robertson,drobertsongs@geocities.jp,Male,44.248.113.187
606,Patrick,White,pwhitegt@zimbio.com,Male,214.40.161.123
607,Elizabeth,Murphy,emurphygu@umn.edu,Female,144.81.40.76
608,Patrick,Gibson,pgibsongv@baidu.com,Male,11.142.98.165
609,Antonio,Webb,awebbgw@yahoo.co.jp,Male,120.10.39.240
610,Wanda,Evans,wevansgx@amazon.co.uk,Female,232.188.90.87
611,Julie,Morrison,jmorrisongy@1688.com,Female,4.225.36.106
612,Henry,Collins,hcollinsgz@digg.com,Male,78.79.229.30
613,Joshua,Mitchell,jmitchellh0@tripod.com,Male,12.12.244.236
614,Phillip,Morrison,pmorrisonh1@wikipedia.org,Male,31.113.182.236
615,Bonnie,Collins,bcollinsh2@jiathis.com,Female,54.163.35.37
616,Harold,Gibson,hgibsonh3@yandex.ru,Male,205.210.128.206
617,Teresa,Weaver,tweaverh4@yellowpages.com,Female,64.17.43.117
618,Patricia,Mccoy,pmccoyh5@facebook.com,Female,202.192.26.15
619,Albert,Watson,awatsonh6@businessweek.com,Male,29.53.56.187
620,Eugene,Cruz,ecruzh7@gmpg.org,Male,164.89.163.226
621,Samuel,Riley,srileyh8@spotify.com,Male,223.231.219.53
622,Earl,Fox,efoxh9@wiley.com,Male,21.90.152.80
623,Janice,Rose,jroseha@sourceforge.net,Female,144.205.48.195
624,Fred,Williamson,fwilliamsonhb@google.nl,Male,66.38.54.133
625,Deborah,Carroll,dcarrollhc@nifty.com,Female,4.104.190.29
626,Mildred,Henry,mhenryhd@home.pl,Female,123.120.53.255
627,Ruth,Sanchez,rsanchezhe@adobe.com,Female,157.82.241.53
628,Amy,Morris,amorrishf@usa.gov,Female,175.19.141.188
629,Angela,Olson,aolsonhg@w3.org,Female,15.16.140.148
630,Ann,Gibson,agibsonhh@msn.com,Female,108.117.159.68
631,Eugene,Garrett,egarretthi@harvard.edu,Male,164.55.248.45
632,Sharon,Stone,sstonehj@dyndns.org,Female,160.55.44.141
633,Anne,Allen,aallenhk@psu.edu,Female,137.196.223.242
634,Jason,Rose,jrosehl@blogtalkradio.com,Male,105.68.32.249
635,Phillip,Rivera,priverahm@ocn.ne.jp,Male,165.97.109.122
636,Lori,Diaz,ldiazhn@networksolutions.com,Female,38.151.69.6
637,Lisa,Lewis,llewisho@yellowbook.com,Female,242.107.250.250
638,Douglas,Hunt,dhunthp@feedburner.com,Male,174.96.83.49
639,Alan,Carter,acarterhq@printfriendly.com,Male,189.199.224.32
640,Carolyn,Chapman,cchapmanhr@miitbeian.gov.cn,Female,243.33.233.47
641,Eugene,Bishop,ebishophs@va.gov,Male,2.208.152.207
642,Paul,Rodriguez,prodriguezht@bluehost.com,Male,44.177.161.133
643,Jacqueline,Brown,jbrownhu@sfgate.com,Female,221.212.146.146
644,Sara,Schmidt,sschmidthv@hatena.ne.jp,Female,230.246.197.49
645,Cynthia,Miller,cmillerhw@forbes.com,Female,234.158.61.125
646,Joan,Porter,jporterhx@lycos.com,Female,241.50.70.148
647,Irene,Harrison,iharrisonhy@xinhuanet.com,Female,28.84.127.231
648,Justin,Morgan,jmorganhz@yale.edu,Male,179.53.35.146
649,Albert,Price,apricei0@w3.org,Male,133.209.10.160
650,Anna,Lawrence,alawrencei1@cam.ac.uk,Female,83.1.19.179
651,Frances,Fox,ffoxi2@google.fr,Female,223.242.111.139
652,Adam,Turner,aturneri3@intel.com,Male,138.164.54.222
653,Kimberly,Snyder,ksnyderi4@usda.gov,Female,161.177.17.153
654,Brenda,Carpenter,bcarpenteri5@mysql.com,Female,92.71.159.54
655,Henry,Nelson,hnelsoni6@last.fm,Male,242.166.130.47
656,Edward,Gray,egrayi7@ifeng.com,Male,155.72.109.83
657,Ashley,Tucker,atuckeri8@dailymail.co.uk,Female,190.248.74.109
658,Pamela,Lewis,plewisi9@techcrunch.com,Female,70.44.16.180
659,Cheryl,Mason,cmasonia@typepad.com,Female,5.17.74.95
660,Betty,Wheeler,bwheelerib@discuz.net,Female,152.139.253.135
661,Annie,Ryan,aryanic@latimes.com,Female,18.112.243.86
662,Carlos,Cole,ccoleid@soup.io,Male,138.97.108.3
663,Paula,Owens,powensie@berkeley.edu,Female,94.220.48.114
664,Martha,Rivera,mriveraif@independent.co.uk,Female,138.231.140.75
665,Emily,Sanders,esandersig@noaa.gov,Female,188.55.133.235
666,Janice,Hall,jhallih@yolasite.com,Female,5.29.229.168
667,Kevin,Stanley,kstanleyii@google.cn,Male,154.10.231.51
668,Katherine,Weaver,kweaverij@auda.org.au,Female,68.234.96.107
669,Sarah,Riley,srileyik@google.co.jp,Female,191.125.229.117
670,Michael,Griffin,mgriffinil@123-reg.co.uk,Male,8.70.12.202
671,Henry,Walker,hwalkerim@mtv.com,Male,236.228.215.45
672,Mildred,Wallace,mwallacein@cargocollective.com,Female,101.212.135.214
673,Betty,Owens,bowensio@yale.edu,Female,181.19.238.2
674,John,Simpson,jsimpsonip@trellian.com,Male,22.160.77.253
675,Edward,Spencer,espenceriq@freewebs.com,Male,164.225.219.235
676,Julia,Mccoy,jmccoyir@pen.io,Female,81.126.43.30
677,Timothy,Hunter,thunteris@nationalgeographic.com,Male,139.55.83.13
678,Annie,Bishop,abishopit@nih.gov,Female,242.53.166.213
679,Joe,Spencer,jspenceriu@foxnews.com,Male,109.249.34.225
680,Christine,Hall,challiv@google.com.hk,Female,45.100.43.249
681,Theresa,Moreno,tmorenoiw@answers.com,Female,17.233.217.35
682,Terry,Marshall,tmarshallix@google.es,Male,31.48.110.120
683,Christine,Long,clongiy@mac.com,Female,96.216.38.43
684,Steve,Rodriguez,srodrigueziz@nih.gov,Male,66.16.184.2
685,Bonnie,Carr,bcarrj0@loc.gov,Female,82.91.213.126
686,Amanda,Jenkins,ajenkinsj1@goo.gl,Female,111.28.143.118
687,Ashley,Stanley,astanleyj2@facebook.com,Female,22.15.61.227
688,Christopher,Hunter,chunterj3@surveymonkey.com,Male,99.59.229.14
689,Jack,Jacobs,jjacobsj4@amazon.co.jp,Male,132.107.159.150
690,Catherine,Perkins,cperkinsj5@cbslocal.com,Female,232.215.54.183
691,Diana,Myers,dmyersj6@constantcontact.com,Female,66.225.167.120
692,Patricia,Hernandez,phernandezj7@weather.com,Female,154.26.252.248
693,Barbara,Flores,bfloresj8@admin.ch,Female,211.254.164.207
694,Bobby,Henry,bhenryj9@purevolume.com,Male,227.58.26.231
695,Martin,Payne,mpayneja@fc2.com,Male,3.71.187.235
696,Kevin,Simpson,ksimpsonjb@xrea.com,Male,44.210.159.195
697,Catherine,Johnston,cjohnstonjc@forbes.com,Female,143.226.222.99
698,Jesse,Daniels,jdanielsjd@clickbank.net,Male,133.20.215.53
699,Mary,Hughes,mhughesje@amazon.de,Female,152.185.94.68
700,Carolyn,Johnston,cjohnstonjf@blinklist.com,Female,83.240.84.220
701,Christine,Kim,ckimjg@bravesites.com,Female,198.231.101.98
702,Jonathan,Howard,jhowardjh@fda.gov,Male,220.121.236.71
703,Joseph,Jackson,jjacksonji@icio.us,Male,17.30.248.89
704,Larry,Murphy,lmurphyjj@issuu.com,Male,253.176.4.82
705,Patricia,Martin,pmartinjk@homestead.com,Female,225.181.30.226
706,Larry,Freeman,lfreemanjl@tripadvisor.com,Male,164.129.137.139
707,Edward,Burns,eburnsjm@symantec.com,Male,119.240.84.105
708,Gary,Gonzales,ggonzalesjn@nih.gov,Male,206.24.57.251
709,Laura,Warren,lwarrenjo@mysql.com,Female,108.92.81.242
710,Ernest,Jacobs,ejacobsjp@phoca.cz,Male,150.128.77.82
711,Sharon,Miller,smillerjq@salon.com,Female,252.189.137.226
712,Matthew,Bowman,mbowmanjr@businessinsider.com,Male,233.64.174.3
713,Andrea,Gordon,agordonjs@simplemachines.org,Female,185.153.53.219
714,Louis,Wheeler,lwheelerjt@nba.com,Male,121.61.215.64
715,William,Webb,wwebbju@bravesites.com,Male,170.94.18.18
716,Steve,Sanchez,ssanchezjv@arstechnica.com,Male,138.18.153.171
717,Jesse,Fields,jfieldsjw@seattletimes.com,Male,38.211.84.206
718,Charles,Peterson,cpetersonjx@uiuc.edu,Male,130.153.230.212
719,Sara,Lane,slanejy@ameblo.jp,Female,128.185.113.245
720,Donna,Sanchez,dsanchezjz@barnesandnoble.com,Female,250.246.250.153
721,Jane,Richardson,jrichardsonk0@ucsd.edu,Female,173.81.125.211
722,Willie,Greene,wgreenek1@unesco.org,Male,31.164.151.2
723,Harry,Ford,hfordk2@surveymonkey.com,Male,49.31.73.229
724,Donald,Hernandez,dhernandezk3@mit.edu,Male,90.100.227.237
725,Heather,Carroll,hcarrollk4@slashdot.org,Female,152.213.168.149
726,Diana,Gonzalez,dgonzalezk5@mapquest.com,Female,105.240.11.39
727,Bobby,Hanson,bhansonk6@bing.com,Male,208.250.106.185
728,Russell,Mcdonald,rmcdonaldk7@yellowpages.com,Male,109.123.144.218
729,Douglas,Anderson,dandersonk8@who.int,Male,154.56.149.76
730,Lawrence,Andrews,landrewsk9@economist.com,Male,37.226.83.16
731,Janice,Reynolds,jreynoldska@gizmodo.com,Female,183.178.32.211
732,Paul,Barnes,pbarneskb@aol.com,Male,161.43.162.176
733,Clarence,Cox,ccoxkc@wp.com,Male,27.86.102.16
734,Lisa,Peterson,lpetersonkd@samsung.com,Female,131.150.188.45
735,Ruby,Mason,rmasonke@washingtonpost.com,Female,229.135.12.91
736,Sean,Clark,sclarkkf@blogger.com,Male,58.76.131.254
737,Jean,Shaw,jshawkg@reddit.com,Female,92.124.58.53
738,Keith,Scott,kscottkh@sogou.com,Male,231.197.209.137
739,Linda,Bowman,lbowmanki@unblog.fr,Female,36.46.106.55
740,Mark,Harvey,mharveykj@vkontakte.ru,Male,67.25.157.235
741,Bruce,Martinez,bmartinezkk@msn.com,Male,20.81.78.93
742,Paul,Cook,pcookkl@google.co.jp,Male,172.41.198.156
743,Larry,Williams,lwilliamskm@sbwire.com,Male,144.168.164.30
744,Scott,Berry,sberrykn@blog.com,Male,242.255.142.125
745,Craig,Morris,cmorrisko@webnode.com,Male,6.59.121.117
746,Timothy,Gray,tgraykp@mapquest.com,Male,228.221.11.247
747,Wanda,Martin,wmartinkq@webs.com,Female,76.95.141.68
748,Betty,Little,blittlekr@disqus.com,Female,28.54.91.102
749,Angela,Lane,alaneks@usa.gov,Female,139.33.206.29
750,Gregory,Black,gblackkt@sourceforge.net,Male,166.161.99.148
751,Victor,Burke,vburkeku@aol.com,Male,248.229.66.163
752,Carl,Brown,cbrownkv@weather.com,Male,162.166.85.33
753,Mildred,Jacobs,mjacobskw@yellowpages.com,Female,20.168.124.105
754,Craig,Webb,cwebbkx@liveinternet.ru,Male,70.20.147.66
755,Anne,Reed,areedky@nih.gov,Female,104.227.69.36
756,Sarah,Reynolds,sreynoldskz@arizona.edu,Female,186.40.117.244
757,Shirley,Dixon,sdixonl0@themeforest.net,Female,112.58.188.31
758,Ronald,Carter,rcarterl1@livejournal.com,Male,124.89.127.46
759,Cheryl,Montgomery,cmontgomeryl2@addtoany.com,Female,74.68.103.178
760,Jacqueline,Cook,jcookl3@businessweek.com,Female,166.212.175.83
761,Julia,Williamson,jwilliamsonl4@paypal.com,Female,174.219.251.104
762,Mildred,Carroll,mcarrolll5@behance.net,Female,124.234.37.203
763,Sarah,Gilbert,sgilbertl6@bbc.co.uk,Female,221.78.93.10
764,Amy,Ryan,aryanl7@nydailynews.com,Female,171.94.130.46
765,Annie,George,ageorgel8@cdc.gov,Female,79.189.5.146
766,Nancy,Dunn,ndunnl9@archive.org,Female,220.50.126.132
767,Antonio,Mitchell,amitchellla@yolasite.com,Male,242.48.252.28
768,Joan,Fowler,jfowlerlb@themeforest.net,Female,175.33.208.220
769,Laura,Price,lpricelc@behance.net,Female,225.31.11.75
770,Helen,Murray,hmurrayld@deliciousdays.com,Female,227.140.167.151
771,Kathryn,Bishop,kbishople@ask.com,Female,236.83.32.21
772,George,Adams,gadamslf@springer.com,Male,228.149.102.139
773,Cynthia,Rice,cricelg@mlb.com,Female,188.161.204.244
774,Amy,Woods,awoodslh@abc.net.au,Female,206.46.200.16
775,Steve,Carroll,scarrollli@yellowpages.com,Male,226.196.88.140
776,Kenneth,Watson,kwatsonlj@histats.com,Male,129.61.235.93
777,Larry,Reid,lreidlk@nps.gov,Male,253.124.180.230
778,Richard,Griffin,rgriffinll@deliciousdays.com,Male,190.188.252.76
779,Steve,Ryan,sryanlm@infoseek.co.jp,Male,231.52.235.39
780,Carlos,Carpenter,ccarpenterln@printfriendly.com,Male,216.144.151.214
781,Andrew,Sullivan,asullivanlo@amazon.co.jp,Male,73.106.186.201
782,Ronald,Woods,rwoodslp@tumblr.com,Male,107.196.81.239
783,Lisa,Dean,ldeanlq@taobao.com,Female,177.99.89.97
784,Teresa,Reed,treedlr@cbc.ca,Female,132.79.141.245
785,James,Mitchell,jmitchellls@edublogs.org,Male,122.75.110.116
786,Shirley,Wallace,swallacelt@hibu.com,Female,152.17.8.82
787,Randy,Dixon,rdixonlu@vinaora.com,Male,252.171.75.205
788,Henry,Daniels,hdanielslv@nhs.uk,Male,111.121.78.30
789,Ruth,King,rkinglw@webnode.com,Female,187.44.79.171
790,Jose,Ortiz,jortizlx@bluehost.com,Male,99.243.25.43
791,Emily,Young,eyoungly@google.nl,Female,139.153.34.195
792,Susan,Oliver,soliverlz@aol.com,Female,178.89.210.54
793,Tina,Price,tpricem0@bloomberg.com,Female,108.198.213.184
794,Dorothy,Diaz,ddiazm1@youku.com,Female,116.60.45.116
795,Julie,Greene,jgreenem2@prlog.org,Female,88.152.214.133
796,Jimmy,Butler,jbutlerm3@addtoany.com,Male,28.223.177.156
797,Antonio,Murphy,amurphym4@feedburner.com,Male,90.14.203.129
798,Edward,Sullivan,esullivanm5@abc.net.au,Male,74.235.37.251
799,Carol,Rogers,crogersm6@xing.com,Female,246.200.14.227
800,Ruby,Adams,radamsm7@pbs.org,Female,96.193.141.168
801,Matthew,Armstrong,marmstrongm8@theatlantic.com,Male,43.140.239.85
802,Wanda,West,wwestm9@patch.com,Female,192.124.100.169
803,Scott,Anderson,sandersonma@edublogs.org,Male,33.241.51.126
804,Aaron,Adams,aadamsmb@comsenz.com,Male,157.194.120.53
805,Douglas,Ellis,dellismc@salon.com,Male,197.112.142.228
806,Christine,Jordan,cjordanmd@opera.com,Female,206.28.61.157
807,Denise,Allen,dallenme@msu.edu,Female,226.244.66.80
808,Ruby,Lewis,rlewismf@ebay.com,Female,58.10.228.198
809,Robin,Ramirez,rramirezmg@google.ru,Female,239.99.72.122
810,Clarence,Bishop,cbishopmh@photobucket.com,Male,177.204.29.122
811,Judith,Jones,jjonesmi@si.edu,Female,58.137.128.224
812,Doris,Watson,dwatsonmj@vkontakte.ru,Female,161.160.126.33
813,Barbara,Ross,brossmk@washington.edu,Female,244.223.228.138
814,Judy,Henderson,jhendersonml@scribd.com,Female,64.158.190.224
815,Randy,Hicks,rhicksmm@tinypic.com,Male,39.238.29.146
816,Stephen,Smith,ssmithmn@wiley.com,Male,236.28.116.22
817,Louis,Garrett,lgarrettmo@mapquest.com,Male,15.231.183.75
818,Lisa,Gutierrez,lgutierrezmp@howstuffworks.com,Female,178.88.138.112
819,Roger,Hansen,rhansenmq@pagesperso-orange.fr,Male,147.58.122.78
820,Ryan,Reyes,rreyesmr@nationalgeographic.com,Male,117.248.231.220
821,Joan,Fields,jfieldsms@apache.org,Female,149.240.178.27
822,Carolyn,Larson,clarsonmt@ehow.com,Female,240.35.15.125
823,Ruby,Alexander,ralexandermu@zdnet.com,Female,19.114.238.166
824,Patrick,Ramos,pramosmv@amazon.de,Male,162.206.254.73
825,Teresa,Patterson,tpattersonmw@abc.net.au,Female,62.97.35.129
826,Kathleen,Richardson,krichardsonmx@feedburner.com,Female,94.49.131.109
827,Norma,Patterson,npattersonmy@people.com.cn,Female,147.173.89.89
828,Thomas,Hudson,thudsonmz@woothemes.com,Male,144.11.15.27
829,Angela,Long,alongn0@pagesperso-orange.fr,Female,102.113.142.144
830,Jeffrey,Matthews,jmatthewsn1@qq.com,Male,156.250.39.85
831,Jacqueline,Perkins,jperkinsn2@soup.io,Female,112.217.248.17
832,Sharon,Collins,scollinsn3@linkedin.com,Female,250.127.34.74
833,Sarah,Rivera,sriveran4@barnesandnoble.com,Female,34.107.60.232
834,Tammy,Evans,tevansn5@who.int,Female,213.215.30.119
835,Diane,Cole,dcolen6@engadget.com,Female,55.246.60.205
836,Ruth,Perez,rperezn7@ebay.com,Female,100.240.132.17
837,Brandon,Harrison,bharrisonn8@twitter.com,Male,97.247.45.165
838,Gerald,Harper,gharpern9@reference.com,Male,93.50.26.167
839,Lisa,Gordon,lgordonna@nasa.gov,Female,107.151.50.204
840,Kenneth,James,kjamesnb@who.int,Male,8.36.214.145
841,Brandon,Dunn,bdunnnc@businessinsider.com,Male,40.100.122.132
842,Peter,Fuller,pfullernd@seattletimes.com,Male,25.240.238.92
843,Elizabeth,Powell,epowellne@uiuc.edu,Female,227.129.151.40
844,Carol,Jacobs,cjacobsnf@illinois.edu,Female,202.72.120.27
845,Ryan,Henderson,rhendersonng@dedecms.com,Male,154.25.133.235
846,Benjamin,Sanders,bsandersnh@ycombinator.com,Male,119.243.13.146
847,Deborah,Johnson,djohnsonni@slideshare.net,Female,45.51.222.84
848,Margaret,Cooper,mcoopernj@booking.com,Female,2.232.161.78
849,Gary,Peters,gpetersnk@flickr.com,Male,171.151.95.230
850,Jane,Hunt,jhuntnl@sciencedaily.com,Female,226.124.192.152
851,Michael,Howard,mhowardnm@1und1.de,Male,228.134.248.94
852,Virginia,Perez,vpereznn@constantcontact.com,Female,37.41.41.30
853,Mary,Franklin,mfranklinno@yahoo.co.jp,Female,4.113.84.246
854,Harold,Frazier,hfraziernp@ustream.tv,Male,186.32.54.198
855,Anthony,Gilbert,agilbertnq@chron.com,Male,13.65.210.65
856,Lois,Taylor,ltaylornr@shinystat.com,Female,42.210.164.202
857,Thomas,Montgomery,tmontgomeryns@tiny.cc,Male,4.14.225.121
858,Melissa,Parker,mparkernt@parallels.com,Female,60.184.189.12
859,Dorothy,West,dwestnu@jalbum.net,Female,169.206.146.107
860,Gloria,Cook,gcooknv@state.gov,Female,249.25.176.111
861,Randy,Dunn,rdunnnw@squidoo.com,Male,180.157.103.17
862,Margaret,Peterson,mpetersonnx@vimeo.com,Female,48.144.186.54
863,Thomas,Nguyen,tnguyenny@topsy.com,Male,220.185.61.169
864,Arthur,Dunn,adunnnz@sun.com,Male,250.202.101.115
865,Ashley,Morris,amorriso0@bloomberg.com,Female,88.204.242.130
866,Christopher,Fernandez,cfernandezo1@alibaba.com,Male,174.137.249.166
867,Russell,Woods,rwoodso2@purevolume.com,Male,47.117.167.13
868,Ruby,Young,ryoungo3@devhub.com,Female,150.122.192.148
869,Samuel,Burke,sburkeo4@moonfruit.com,Male,151.149.38.106
870,Janet,Harper,jharpero5@wp.com,Female,139.134.172.210
871,Shirley,Burton,sburtono6@wikimedia.org,Female,199.39.21.22
872,Frank,Ryan,fryano7@yandex.ru,Male,220.238.86.246
873,David,Payne,dpayneo8@google.de,Male,86.101.101.208
874,Jerry,Watson,jwatsono9@eventbrite.com,Male,246.61.19.27
875,Ronald,Mitchell,rmitchelloa@intel.com,Male,157.155.217.103
876,Terry,Young,tyoungob@php.net,Male,122.94.9.210
877,Willie,Porter,wporteroc@bizjournals.com,Male,88.166.25.172
878,Charles,Allen,callenod@independent.co.uk,Male,14.210.135.231
879,Steve,Campbell,scampbelloe@aboutads.info,Male,20.74.88.56
880,Brenda,Hawkins,bhawkinsof@mapy.cz,Female,229.88.32.247
881,Justin,Morgan,jmorganog@google.ca,Male,244.5.189.236
882,Laura,Vasquez,lvasquezoh@tiny.cc,Female,114.143.43.211
883,Joshua,Alexander,jalexanderoi@twitpic.com,Male,168.202.31.201
884,Ashley,Mason,amasonoj@goodreads.com,Female,190.50.205.23
885,Jacqueline,Gomez,jgomezok@europa.eu,Female,25.238.206.173
886,Shawn,Carroll,scarrollol@cdbaby.com,Male,25.111.18.180
887,Maria,Allen,mallenom@cafepress.com,Female,83.9.228.136
888,Henry,Harvey,hharveyon@bbc.co.uk,Male,73.14.35.47
889,Mildred,Marshall,mmarshalloo@pcworld.com,Female,101.40.147.58
890,Sara,King,skingop@sun.com,Female,185.83.186.143
891,Frances,Chapman,fchapmanoq@marriott.com,Female,101.153.186.251
892,Evelyn,Martin,emartinor@canalblog.com,Female,52.209.81.238
893,Cynthia,Nelson,cnelsonos@so-net.ne.jp,Female,168.168.252.127
894,Earl,Robinson,erobinsonot@boston.com,Male,237.115.222.27
895,Diane,Lopez,dlopezou@army.mil,Female,39.139.212.98
896,Maria,Cole,mcoleov@newsvine.com,Female,210.37.111.128
897,Phyllis,Kelly,pkellyow@vimeo.com,Female,8.117.224.117
898,Debra,Baker,dbakerox@shop-pro.jp,Female,137.40.249.196
899,Aaron,Sanchez,asanchezoy@ft.com,Male,219.38.32.21
900,Timothy,Mason,tmasonoz@yahoo.co.jp,Male,127.212.144.142
901,Raymond,Woods,rwoodsp0@constantcontact.com,Male,165.219.36.232
902,Sara,Peters,spetersp1@flickr.com,Female,47.56.72.216
903,Patrick,Howell,phowellp2@google.com.br,Male,214.101.153.172
904,Catherine,Bowman,cbowmanp3@nps.gov,Female,27.211.116.56
905,Angela,Nichols,anicholsp4@huffingtonpost.com,Female,31.57.131.223
906,Scott,Rose,srosep5@cmu.edu,Male,228.178.75.63
907,Janice,Brown,jbrownp6@usatoday.com,Female,82.14.75.106
908,Gary,Gardner,ggardnerp7@tripod.com,Male,35.103.3.183
909,Sandra,Perkins,sperkinsp8@theatlantic.com,Female,226.174.101.167
910,Susan,Spencer,sspencerp9@g.co,Female,146.139.218.162
911,Larry,Phillips,lphillipspa@sciencedirect.com,Male,215.233.33.253
912,Judith,Murray,jmurraypb@simplemachines.org,Female,224.38.9.57
913,Angela,Stevens,astevenspc@purevolume.com,Female,182.93.228.183
914,Earl,Sims,esimspd@bbc.co.uk,Male,211.85.38.124
915,Brenda,Gonzales,bgonzalespe@mashable.com,Female,70.100.196.141
916,Joseph,Lewis,jlewispf@squidoo.com,Male,27.135.242.234
917,Stephanie,Snyder,ssnyderpg@hubpages.com,Female,70.100.249.112
918,Patricia,Andrews,pandrewsph@clickbank.net,Female,46.252.187.210
919,Maria,Reyes,mreyespi@cpanel.net,Female,60.235.247.228
920,Lori,Peters,lpeterspj@privacy.gov.au,Female,175.11.151.125
921,Philip,Kelley,pkelleypk@hc360.com,Male,254.67.3.209
922,Theresa,Wood,twoodpl@nydailynews.com,Female,96.65.170.166
923,Gregory,Willis,gwillispm@ucoz.com,Male,242.164.106.119
924,Sean,Jacobs,sjacobspn@thetimes.co.uk,Male,161.68.59.127
925,Edward,Cunningham,ecunninghampo@goo.ne.jp,Male,195.158.158.168
926,Anna,Watson,awatsonpp@woothemes.com,Female,17.152.47.184
927,Robert,Cox,rcoxpq@ycombinator.com,Male,73.197.52.47
928,Judith,Williams,jwilliamspr@squidoo.com,Female,19.143.222.123
929,Sean,Ferguson,sfergusonps@slideshare.net,Male,74.8.122.196
930,Brenda,Chavez,bchavezpt@dropbox.com,Female,159.106.55.130
931,Steven,Webb,swebbpu@live.com,Male,170.236.235.27
932,Barbara,Phillips,bphillipspv@unesco.org,Female,174.239.233.29
933,Harold,Watson,hwatsonpw@a8.net,Male,125.217.225.129
934,Rebecca,Kelly,rkellypx@bbb.org,Female,74.126.41.34
935,Kathryn,Carpenter,kcarpenterpy@biglobe.ne.jp,Female,233.164.12.64
936,Phyllis,Dixon,pdixonpz@accuweather.com,Female,250.94.77.183
937,Diane,Hunter,dhunterq0@i2i.jp,Female,134.109.49.186
938,Aaron,Peters,apetersq1@wired.com,Male,21.237.253.31
939,Jane,Richards,jrichardsq2@salon.com,Female,185.154.224.26
940,Albert,Sullivan,asullivanq3@ibm.com,Male,218.63.225.129
941,Gary,Jones,gjonesq4@t-online.de,Male,81.143.165.115
942,Willie,Bailey,wbaileyq5@wp.com,Male,255.236.23.224
943,Jerry,Nichols,jnicholsq6@multiply.com,Male,212.208.101.33
944,Margaret,Wallace,mwallaceq7@wisc.edu,Female,255.57.214.105
945,Harry,Ray,hrayq8@cargocollective.com,Male,157.38.237.211
946,Diana,Stewart,dstewartq9@blogtalkradio.com,Female,98.173.254.181
947,Kimberly,Hughes,khughesqa@qq.com,Female,108.37.144.44
948,Kathy,Mills,kmillsqb@elpais.com,Female,170.222.124.193
949,Jesse,Nichols,jnicholsqc@hugedomains.com,Male,54.195.60.193
950,Kathryn,Murphy,kmurphyqd@biblegateway.com,Female,130.128.139.6
951,Tammy,Scott,tscottqe@wp.com,Female,45.64.167.114
952,Todd,Kim,tkimqf@g.co,Male,104.58.63.239
953,Henry,Hart,hhartqg@elegantthemes.com,Male,132.198.62.12
954,Teresa,Bradley,tbradleyqh@ask.com,Female,253.169.160.23
955,Doris,Cook,dcookqi@liveinternet.ru,Female,186.247.202.180
956,Kelly,Nelson,knelsonqj@ucoz.ru,Female,50.48.5.123
957,Kathryn,Hunter,khunterqk@nasa.gov,Female,174.240.251.28
958,Carl,Patterson,cpattersonql@mtv.com,Male,136.19.194.47
959,Willie,Graham,wgrahamqm@list-manage.com,Male,127.157.156.209
960,Stephanie,Mcdonald,smcdonaldqn@pen.io,Female,74.107.109.2
961,Daniel,Black,dblackqo@cnbc.com,Male,40.15.168.199
962,Edward,Long,elongqp@scribd.com,Male,189.16.237.217
963,Bruce,Sullivan,bsullivanqq@storify.com,Male,131.161.120.71
964,Larry,Jacobs,ljacobsqr@prweb.com,Male,189.158.33.137
965,Scott,Reed,sreedqs@vinaora.com,Male,65.163.130.154
966,Timothy,Young,tyoungqt@google.ru,Male,177.154.157.32
967,Jason,Fowler,jfowlerqu@wsj.com,Male,123.235.158.207
968,Antonio,Hayes,ahayesqv@npr.org,Male,24.245.215.88
969,Louise,Garza,lgarzaqw@ifeng.com,Female,241.71.186.91
970,Justin,Payne,jpayneqx@google.fr,Male,78.83.136.8
971,Susan,Gray,sgrayqy@tinypic.com,Female,222.100.104.180
972,Elizabeth,Gutierrez,egutierrezqz@lycos.com,Female,143.196.187.68
973,Rose,Graham,rgrahamr0@state.tx.us,Female,24.13.17.240
974,Kenneth,King,kkingr1@shutterfly.com,Male,1.236.206.39
975,Sara,Williams,swilliamsr2@shareasale.com,Female,183.72.145.226
976,Ruby,Crawford,rcrawfordr3@bloglovin.com,Female,208.43.64.3
977,Juan,Elliott,jelliottr4@infoseek.co.jp,Male,26.74.108.190
978,Harold,Lane,hlaner5@senate.gov,Male,87.255.95.28
979,Theresa,Day,tdayr6@apple.com,Female,35.255.146.202
980,Justin,Oliver,joliverr7@ft.com,Male,103.109.128.64
981,Robin,Simmons,rsimmonsr8@phoca.cz,Female,103.53.147.23
982,Gerald,Webb,gwebbr9@foxnews.com,Male,199.119.108.108
983,Joe,Phillips,jphillipsra@illinois.edu,Male,105.37.29.73
984,Jean,Montgomery,jmontgomeryrb@yelp.com,Female,162.54.125.87
985,Timothy,Vasquez,tvasquezrc@flickr.com,Male,138.9.138.123
986,Randy,Martinez,rmartinezrd@howstuffworks.com,Male,160.42.155.130
987,Laura,Knight,lknightre@ow.ly,Female,22.134.254.70
988,Roy,Jones,rjonesrf@vistaprint.com,Male,196.161.35.30
989,Evelyn,Mason,emasonrg@delicious.com,Female,227.152.181.33
990,Edward,Harper,eharperrh@simplemachines.org,Male,131.27.37.121
991,Evelyn,Cole,ecoleri@telegraph.co.uk,Female,255.109.148.37
992,Lois,Cooper,lcooperrj@chronoengine.com,Female,43.93.100.23
993,Craig,Bishop,cbishoprk@fastcompany.com,Male,168.11.17.99
994,Margaret,Dixon,mdixonrl@amazon.com,Female,126.47.108.233
995,Gregory,Morris,gmorrisrm@freewebs.com,Male,44.132.84.34
996,Rebecca,Pierce,rpiercern@g.co,Female,67.243.11.48
997,Jacqueline,Bradley,jbradleyro@nifty.com,Female,196.170.157.78
998,Anna,Ryan,aryanrp@ocn.ne.jp,Female,236.213.72.225
999,Martin,Hall,mhallrq@squidoo.com,Male,190.25.147.135
1000,Charles,Elliott,celliottrr@usnews.com,Male,78.251.26.40
